{
    "textures": [
        {
            "img": "Assets/Resources/Game/Texture/texture0.png",
            "imgNail": "Assets/Resources/Game/Texture/texture0.png"
        },
        {
            "img": "Assets/Resources/Game/Texture/texture1.png",
            "imgNail": "Assets/Resources/Game/Texture/texture1.png"
        },
        {
            "img": "Assets/Resources/Game/Texture/texture0.png",
            "imgNail": "Assets/Resources/Game/Texture/texture0.png"
        },
        {
            "img": "Assets/Resources/Game/Texture/texture1.png",
            "imgNail": "Assets/Resources/Game/Texture/texture1.png"
        },
        {
            "img": "Assets/Resources/Game/Texture/texture0.png",
            "imgNail": "Assets/Resources/Game/Texture/texture0.png"
        },
        {
            "img": "Assets/Resources/Game/Texture/texture1.png",
            "imgNail": "Assets/Resources/Game/Texture/texture1.png"
        },
        {
            "img": "Assets/Resources/Game/Texture/texture0.png",
            "imgNail": "Assets/Resources/Game/Texture/texture0.png"
        },
        {
            "img": "Assets/Resources/Game/Texture/texture1.png",
            "imgNail": "Assets/Resources/Game/Texture/texture1.png"
        }
    ]
}